Aggregation Strategy,NCCL Algo,NCLL Proto,Multiple CUDA Streams,Contiguous Memory,Average Time (s),Theoretical Throughput (Gb/s),Real Throughput (Gb/s),Max GPU RAM Allocated (GB)
layer_by_layer,ring,SIMPLE,False,False,2.264432404345522,107.32862727869507,106.38773627231696,16.060523008
layer_by_layer,ring,SIMPLE,False,True,2.2942118753368654,106.35324050580708,105.00679559276837,16.060523008
layer_by_layer,ring,SIMPLE,True,False,2.0777613553218544,114.73360662603224,115.94586491993076,16.060523008
layer_by_layer,ring,SIMPLE,True,True,2.1238575389919183,114.41664971006934,113.42937697899741,16.060523008
layer_by_layer,ring,LL,False,False,2.2680764796677977,103.31593021093663,106.21680512082445,16.060523008
layer_by_layer,ring,LL,False,True,2.24326249367247,106.37406471174523,107.39172884115185,16.060523008
layer_by_layer,ring,LL,True,False,2.0753909210519246,115.96785629791933,116.07829397166988,16.060523008
layer_by_layer,ring,LL,True,True,2.114686872344464,113.85496787781489,113.92128101354109,16.060523008
layer_by_layer,ring,LL128,False,False,2.2241104463270553,108.45961999710636,108.31649023448475,16.060523008
layer_by_layer,ring,LL128,False,True,2.2394174376968294,107.86758150862306,107.5761192999221,16.060523008
layer_by_layer,ring,LL128,True,False,2.0987438166048378,116.23121250225064,114.78668122044519,16.060523008
layer_by_layer,ring,LL128,True,True,2.1216671920071044,112.31174439147064,113.54647814113598,16.060523008
layer_by_layer,tree,SIMPLE,False,False,2.2389771599943438,108.57978257916369,107.59727331948692,16.060523008
layer_by_layer,tree,SIMPLE,False,True,2.211192960385233,106.09395578370471,108.94926031151489,16.060523008
layer_by_layer,tree,SIMPLE,True,False,2.1147551253282777,114.4374854495002,113.91760424394451,16.060523008
layer_by_layer,tree,SIMPLE,True,True,2.079484862741083,114.05542311022725,115.84976729402405,16.060523008
layer_by_layer,tree,LL,False,False,2.2830642229722193,115.45744791797057,105.51951846819834,16.060523008
layer_by_layer,tree,LL,False,True,2.2108682949716845,109.27597923474143,108.96525948104266,16.060523008
layer_by_layer,tree,LL,True,False,2.13967949237364,115.32291488922064,112.59061850088136,16.060523008
layer_by_layer,tree,LL,True,True,2.115336137978981,114.88064889067887,113.8863148578204,16.060523008
layer_by_layer,tree,LL128,False,False,2.2375635103477785,104.76140970973887,107.66525121003443,16.060523008
layer_by_layer,tree,LL128,False,True,2.2682175759691745,107.8311619120842,106.2101978189036,16.060523008
layer_by_layer,tree,LL128,True,False,2.1157489717006683,113.00911582690445,113.86409288733103,16.060523008
layer_by_layer,tree,LL128,True,True,2.1588144506483027,113.42669359509046,111.59265557429181,16.060523008
layer_by_layer,collnet,SIMPLE,False,False,2.226896533044055,106.57131119934408,108.1809746727169,16.060523008
layer_by_layer,collnet,SIMPLE,False,True,2.2711806196408966,108.48434148253197,106.07163312184774,16.060523008
layer_by_layer,collnet,SIMPLE,True,False,2.0855152676813304,114.04454849175823,115.5147800513782,16.060523008
layer_by_layer,collnet,SIMPLE,True,True,2.076040570003291,116.04657993530769,116.04196995033584,16.060523008
layer_by_layer,collnet,LL,False,False,2.2437705356472484,107.91176144220202,107.36741284932981,16.060523008
layer_by_layer,collnet,LL,False,True,2.222061120594541,105.8297693879928,108.41638657335491,16.060523008
layer_by_layer,collnet,LL,True,False,2.1322297729396573,113.51690345770149,112.98399473517611,16.060523008
layer_by_layer,collnet,LL,True,True,2.0932776926395795,113.19684238635955,115.0864208256193,16.060523008
layer_by_layer,collnet,LL128,False,False,2.2950251479633152,106.45297057942187,104.96958504083929,16.060523008
layer_by_layer,collnet,LL128,False,True,2.2200936230365187,106.52180180522922,108.51246764562113,16.060523008
layer_by_layer,collnet,LL128,True,False,2.0872090636597327,115.84466402471281,115.42103837820149,16.060523008
layer_by_layer,collnet,LL128,True,True,2.1304610793013126,113.25542865110172,113.077793244177,16.060523008
layer_by_layer,collnetchain,SIMPLE,False,False,2.316673318622634,106.03241006737915,103.98869599069347,16.060523008
layer_by_layer,collnetchain,SIMPLE,False,True,2.2474353107002876,106.03382908125879,107.19233443250232,16.060523008
layer_by_layer,collnetchain,SIMPLE,True,False,2.1339792016272745,112.00440778330182,112.89137085136292,16.060523008
layer_by_layer,collnetchain,SIMPLE,True,True,2.0844368969555944,112.31730271291134,115.57454091887156,16.060523008
layer_by_layer,collnetchain,LL,False,False,2.2313896793251238,104.64445257227922,107.96314049138283,16.060523008
layer_by_layer,collnetchain,LL,False,True,2.278757282998413,107.44069283687747,105.7189544658354,16.060523008
layer_by_layer,collnetchain,LL,True,False,2.0980420926741012,113.22747327028047,114.82507347264234,16.060523008
layer_by_layer,collnetchain,LL,True,True,2.088458286675935,114.93134947704263,115.3519986379223,16.060523008
layer_by_layer,collnetchain,LL128,False,False,2.236281012340138,104.90416533828306,107.72699679093725,16.060523008
layer_by_layer,collnetchain,LL128,False,True,2.292179985359932,106.3079104759894,105.0998782725045,16.060523008
layer_by_layer,collnetchain,LL128,True,False,2.1173581136390567,112.76789616242772,113.77755887782111,16.060523008
layer_by_layer,collnetchain,LL128,True,True,2.1284330842706063,112.39353641862913,113.18553503999719,16.060523008
layer_by_layer,collnetdirect,SIMPLE,False,False,2.2346268376180283,107.78767449512877,107.80674132455717,16.060523008
layer_by_layer,collnetdirect,SIMPLE,False,True,2.251599721610546,106.42447414039003,106.99407853349754,16.060523008
layer_by_layer,collnetdirect,SIMPLE,True,False,2.1079598129726946,114.61992133340044,114.28483406439618,16.060523008
layer_by_layer,collnetdirect,SIMPLE,True,True,2.0985599133030823,114.14929990444658,114.79674033266791,16.060523008
layer_by_layer,collnetdirect,LL,False,False,2.2246777593002967,107.3747614493719,108.28886854866123,16.060523008
layer_by_layer,collnetdirect,LL,False,True,2.070313977310434,113.54009135687092,116.36294788144444,16.060523008
layer_by_layer,collnetdirect,LL,True,False,2.0677826780204973,116.34708138492482,116.5053948854155,16.060523008
layer_by_layer,collnetdirect,LL,True,True,2.0983865006516376,116.46496693477718,114.80622724421262,16.060523008
layer_by_layer,collnetdirect,LL128,False,False,2.29821025665539,108.58781451604406,104.82410682066825,16.060523008
layer_by_layer,collnetdirect,LL128,False,True,2.234152377350256,107.66282046419829,107.82963592023252,16.060523008
layer_by_layer,collnetdirect,LL128,True,False,2.142526666012903,114.14455231861943,112.44099840694778,16.060523008
layer_by_layer,collnetdirect,LL128,True,True,2.132545843332385,112.13275532854836,112.96724907144299,16.060523008
layer_by_layer,nvls,SIMPLE,False,False,2.2714393383357674,104.68189080976721,106.05955148091596,16.060523008
layer_by_layer,nvls,SIMPLE,False,True,2.2472565880355737,106.92621828554297,107.20085936007342,16.060523008
layer_by_layer,nvls,SIMPLE,True,False,2.1238882213365287,112.17569201964903,113.42773834321686,16.060523008
layer_by_layer,nvls,SIMPLE,True,True,2.0743285889426866,114.84248728591075,116.13774149581286,16.060523008
layer_by_layer,nvls,LL,False,False,2.23842144299609,106.0507925831827,107.62398573056414,16.060523008
layer_by_layer,nvls,LL,False,True,2.2631337136651077,107.69353757502284,106.448786470444,16.060523008
layer_by_layer,nvls,LL,True,False,2.1729591876889267,113.1306442283504,110.86625041320727,16.060523008
layer_by_layer,nvls,LL,True,True,2.134122802022224,113.58319426872718,112.88377464114237,16.060523008
layer_by_layer,nvls,LL128,False,False,2.2304610987193882,107.63870146887258,108.00808746600262,16.060523008
layer_by_layer,nvls,LL128,False,True,2.289147368942698,108.66735897873785,105.23911247848997,16.060523008
layer_by_layer,nvls,LL128,True,False,2.1183237146275737,114.11705969502339,113.725695358301,16.060523008
layer_by_layer,nvls,LL128,True,True,2.0942696206426867,114.52047591552488,115.0319113954728,16.060523008
layer_by_layer,nvlstree,SIMPLE,False,False,2.227948689678063,107.37990238454329,108.12988582551738,16.060523008
layer_by_layer,nvlstree,SIMPLE,False,True,2.274129155324772,107.20370067451607,105.93410531496201,16.060523008
layer_by_layer,nvlstree,SIMPLE,True,False,2.12381885231783,113.2373675489041,113.43144316526109,16.060523008
layer_by_layer,nvlstree,SIMPLE,True,True,2.1485584806650877,112.80504907352132,112.12533408233173,16.060523008
layer_by_layer,nvlstree,LL,False,False,2.2561423402900496,107.67882968542712,106.77865183321231,16.060523008
layer_by_layer,nvlstree,LL,False,True,2.2326332450223467,103.26971756143027,107.90300555503406,16.060523008
layer_by_layer,nvlstree,LL,True,False,2.0872819339856505,114.2946115679039,115.41700884651846,16.060523008
layer_by_layer,nvlstree,LL,True,True,2.0815926859310516,114.89692792108835,115.73245768407718,16.060523008
layer_by_layer,nvlstree,LL128,False,False,2.278719320660457,108.5498843208451,105.72071569138055,16.060523008
layer_by_layer,nvlstree,LL128,False,True,2.2539777753409,107.09832820919588,106.88119469304182,16.060523008
layer_by_layer,nvlstree,LL128,True,False,2.097507477660353,114.63675665475574,114.85434021370862,16.060523008
layer_by_layer,nvlstree,LL128,True,True,2.0837952693303428,115.20523627761109,115.61012782096351,16.060523008
layer_by_layer,pat,SIMPLE,False,False,2.2687556786307446,108.07630678489413,106.18500692211794,16.060523008
layer_by_layer,pat,SIMPLE,False,True,2.2516604789998382,106.85278687081443,106.99119147261868,16.060523008
layer_by_layer,pat,SIMPLE,True,False,2.0987042440101504,114.74431192332274,114.78884560679185,16.060523008
layer_by_layer,pat,SIMPLE,True,True,2.0752373909732946,112.90596240075618,116.08688166851758,16.060523008
layer_by_layer,pat,LL,False,False,2.260410074610263,106.16791698828322,106.57704995476851,16.060523008
layer_by_layer,pat,LL,False,True,2.233857650697852,106.85402458602155,107.84386255083932,16.060523008
layer_by_layer,pat,LL,True,False,2.0930392293569944,115.04821671315963,115.0995328042703,16.060523008
layer_by_layer,pat,LL,True,True,2.0838160399968424,113.9475542789496,115.60897546424734,16.060523008
layer_by_layer,pat,LL128,False,False,2.2507955113736293,106.15264198926188,107.0323075653271,16.060523008
layer_by_layer,pat,LL128,False,True,2.322378034625823,108.37015403920977,103.7332569668463,16.060523008
layer_by_layer,pat,LL128,True,False,2.0922529319456467,113.31374033920554,115.14278879082407,16.060523008
layer_by_layer,pat,LL128,True,True,2.091345688017706,115.87242318589763,115.19273873289971,16.060523008
layer_by_layer_optimized,ring,SIMPLE,False,False,2.240702061681077,107.49581081856071,107.51444449480265,16.060523008
layer_by_layer_optimized,ring,SIMPLE,False,True,2.2439813603026173,107.02197342221149,107.35732555617656,16.060523008
layer_by_layer_optimized,ring,SIMPLE,True,False,2.10817405837588,115.7814891146389,114.27321974808542,16.060523008
layer_by_layer_optimized,ring,SIMPLE,True,True,2.1033642633507648,115.07803835785421,114.53453005625461,16.060523008
layer_by_layer_optimized,ring,LL,False,False,2.251357144288098,107.9397884169961,107.00560684083622,16.060523008
layer_by_layer_optimized,ring,LL,False,True,2.232006926632797,105.90723678238352,107.93328397212159,16.060523008
layer_by_layer_optimized,ring,LL,True,False,2.106546694335217,114.24517742191568,114.36149888717543,16.060523008
layer_by_layer_optimized,ring,LL,True,True,2.094774811373403,115.47397118687051,115.0041694849543,16.060523008
layer_by_layer_optimized,ring,LL128,False,False,2.2529551196688167,106.86496855235269,106.92970993377504,16.060523008
layer_by_layer_optimized,ring,LL128,False,True,2.2271942626684904,105.44384961817234,108.16651312281971,16.060523008
layer_by_layer_optimized,ring,LL128,True,False,2.107997195329517,114.9647485833665,114.28280738406859,16.060523008
layer_by_layer_optimized,ring,LL128,True,True,2.069690326383958,114.56658600904325,116.39801103042312,16.060523008
layer_by_layer_optimized,tree,SIMPLE,False,False,2.2617211260367185,107.47374615028669,106.51527045783492,16.060523008
layer_by_layer_optimized,tree,SIMPLE,False,True,2.201752412986631,107.65146605590652,109.4164066854427,16.060523008
layer_by_layer_optimized,tree,SIMPLE,True,False,2.104192824335769,115.07672802550724,114.48943017665097,16.060523008
layer_by_layer_optimized,tree,SIMPLE,True,True,2.072710820939392,115.2801564442563,116.22838796722063,16.060523008
layer_by_layer_optimized,tree,LL,False,False,2.2296095623169094,107.74297688430107,108.04933810458701,16.060523008
layer_by_layer_optimized,tree,LL,False,True,2.224278131655107,107.84229750006092,108.3083244003924,16.060523008
layer_by_layer_optimized,tree,LL,True,False,2.0974070293207965,114.90070049577146,114.85984078064867,16.060523008
layer_by_layer_optimized,tree,LL,True,True,2.0826898253678032,115.1435422506469,115.67149102361205,16.060523008
layer_by_layer_optimized,tree,LL128,False,False,2.253237694967538,106.91158773614953,106.91630003263846,16.060523008
layer_by_layer_optimized,tree,LL128,False,True,2.218133795696,109.24118102998263,108.60834360282968,16.060523008
layer_by_layer_optimized,tree,LL128,True,False,2.086808269377798,114.78424133711593,115.44320624713119,16.060523008
layer_by_layer_optimized,tree,LL128,True,True,2.0836925560142845,113.8558955455586,115.61582669413178,16.060523008
layer_by_layer_optimized,collnet,SIMPLE,False,False,2.2357016999740154,109.11464296963082,107.7549108822523,16.060523008
layer_by_layer_optimized,collnet,SIMPLE,False,True,2.22637260829409,107.98480683641293,108.20643253628172,16.060523008
layer_by_layer_optimized,collnet,SIMPLE,True,False,2.1096559406723827,115.7395807269277,114.1929509904912,16.060523008
layer_by_layer_optimized,collnet,SIMPLE,True,True,2.090193947389101,115.51455600051024,115.2562123437982,16.060523008
layer_by_layer_optimized,collnet,LL,False,False,2.247733085649088,106.41948829644463,107.1781338176245,16.060523008
layer_by_layer_optimized,collnet,LL,False,True,2.2716584949909397,106.9449775972513,106.04931946030068,16.060523008
layer_by_layer_optimized,collnet,LL,True,False,2.094775468343869,115.88629196434945,115.00413341696327,16.060523008
layer_by_layer_optimized,collnet,LL,True,True,2.0868891936261207,114.96002909163255,115.438729653588,16.060523008
layer_by_layer_optimized,collnet,LL128,False,False,2.229264823021367,107.28586994028682,108.06604713454044,16.060523008
layer_by_layer_optimized,collnet,LL128,False,True,2.228016193335255,104.07022090636953,108.12660974396698,16.060523008
layer_by_layer_optimized,collnet,LL128,True,False,2.1209665439867726,115.47149165492584,113.58398750937695,16.060523008
layer_by_layer_optimized,collnet,LL128,True,True,2.08802049428535,115.03335159418599,115.37618433312053,16.060523008
layer_by_layer_optimized,collnetchain,SIMPLE,False,False,2.3741336710130176,106.2508029064194,101.4718928345796,16.060523008
layer_by_layer_optimized,collnetchain,SIMPLE,False,True,2.252190994021172,107.18076104302826,106.96598915435291,16.060523008
layer_by_layer_optimized,collnetchain,SIMPLE,True,False,2.1057540019974113,114.66001802376967,114.4045492547976,16.060523008
layer_by_layer_optimized,collnetchain,SIMPLE,True,True,2.0921682436795286,115.03347467570167,115.14744962207804,16.060523008
layer_by_layer_optimized,collnetchain,LL,False,False,2.338493725672985,107.3126560169764,103.01838093265364,16.060523008
layer_by_layer_optimized,collnetchain,LL,False,True,2.2513916390016675,106.20956619279475,107.00396735364335,16.060523008
layer_by_layer_optimized,collnetchain,LL,True,False,2.100377294312542,114.91123495687128,114.69741083772745,16.060523008
layer_by_layer_optimized,collnetchain,LL,True,True,2.099594145702819,115.29129420233897,114.74019297160805,16.060523008
layer_by_layer_optimized,collnetchain,LL128,False,False,2.2282282349963984,99.98664611107077,108.11632024777273,16.060523008
layer_by_layer_optimized,collnetchain,LL128,False,True,2.3164870839876435,105.87937496579255,103.99705619135023,16.060523008
layer_by_layer_optimized,collnetchain,LL128,True,False,2.076125736658772,114.30817193946235,116.0372096863973,16.060523008
layer_by_layer_optimized,collnetchain,LL128,True,True,2.10351227534314,115.66107553527635,114.52647092382733,16.060523008
layer_by_layer_optimized,collnetdirect,SIMPLE,False,False,2.232109507701049,104.11064696838697,107.92832368162883,16.060523008
layer_by_layer_optimized,collnetdirect,SIMPLE,False,True,2.2682897870739303,106.81994215859541,106.20681661260247,16.060523008
layer_by_layer_optimized,collnetdirect,SIMPLE,True,False,2.0907405436349413,115.5622407729915,115.22608014343088,16.060523008
layer_by_layer_optimized,collnetdirect,SIMPLE,True,True,2.1108649037002274,114.80805218134802,114.12754886288654,16.060523008
layer_by_layer_optimized,collnetdirect,LL,False,False,2.208314238659417,105.7149350603791,109.0912847558534,16.060523008
layer_by_layer_optimized,collnetdirect,LL,False,True,2.237186559708789,106.6537435631127,107.6833920687234,16.060523008
layer_by_layer_optimized,collnetdirect,LL,True,False,2.088652527347828,114.2254886172373,115.34127112368705,16.060523008
layer_by_layer_optimized,collnetdirect,LL,True,True,2.093040451329822,115.65754913047256,115.09946560609384,16.060523008
layer_by_layer_optimized,collnetdirect,LL128,False,False,2.2188181303596743,108.50706116154844,108.57484628582353,16.060523008
layer_by_layer_optimized,collnetdirect,LL128,False,True,2.2836210706736892,108.00766721008242,105.49378814801791,16.060523008
layer_by_layer_optimized,collnetdirect,LL128,True,False,2.1070473136690757,115.17257157059717,114.33432741503023,16.060523008
layer_by_layer_optimized,collnetdirect,LL128,True,True,2.100181978661567,115.12224802121497,114.70807762741069,16.060523008
layer_by_layer_optimized,nvls,SIMPLE,False,False,2.2988817093428224,101.65536508565489,104.79349000904789,16.060523008
layer_by_layer_optimized,nvls,SIMPLE,False,True,2.2735517983480045,105.44586336542704,105.96100674506168,16.060523008
layer_by_layer_optimized,nvls,SIMPLE,True,False,2.1232761410064995,114.38778153969771,113.46043634522361,16.060523008
layer_by_layer_optimized,nvls,SIMPLE,True,True,2.0836359636547663,115.89931792818122,115.61896686474911,16.060523008
layer_by_layer_optimized,nvls,LL,False,False,2.342799013014883,106.22491030377253,102.82906732574656,16.060523008
layer_by_layer_optimized,nvls,LL,False,True,2.2870974266746393,105.2463592327191,105.33343907009316,16.060523008
layer_by_layer_optimized,nvls,LL,True,False,2.0904442673393837,113.60010674738739,115.24241100510937,16.060523008
layer_by_layer_optimized,nvls,LL,True,True,2.1128448446591697,115.72699878594361,114.02060025797194,16.060523008
layer_by_layer_optimized,nvls,LL128,False,False,2.3531176863082996,107.61539039536193,102.37815084291405,16.060523008
layer_by_layer_optimized,nvls,LL128,False,True,2.2823032937012613,105.77024717273522,105.55469910807274,16.060523008
layer_by_layer_optimized,nvls,LL128,True,False,2.1159435466397554,113.90967861973552,113.85362233438413,16.060523008
layer_by_layer_optimized,nvls,LL128,True,True,2.0965090513539812,114.97564757579197,114.90903761393984,16.060523008
layer_by_layer_optimized,nvlstree,SIMPLE,False,False,2.33073339300851,103.74544172210956,103.36138751976098,16.060523008
layer_by_layer_optimized,nvlstree,SIMPLE,False,True,2.278512157034129,104.55729488808613,105.73032787921682,16.060523008
layer_by_layer_optimized,nvlstree,SIMPLE,True,False,2.0809165253303945,113.31807149960763,115.77006309839852,16.060523008
layer_by_layer_optimized,nvlstree,SIMPLE,True,True,2.095686612650752,115.60678966734753,114.9541329250966,16.060523008
layer_by_layer_optimized,nvlstree,LL,False,False,2.2892634050610163,102.692079809749,105.23377821329348,16.060523008
layer_by_layer_optimized,nvlstree,LL,False,True,2.284123951336369,102.95537326408842,105.47056226920277,16.060523008
layer_by_layer_optimized,nvlstree,LL,True,False,2.096875043663507,114.96361399554148,114.88898118559484,16.060523008
layer_by_layer_optimized,nvlstree,LL,True,True,2.128791198677694,115.13961075765383,113.1664944827096,16.060523008
layer_by_layer_optimized,nvlstree,LL128,False,False,2.3337947296289108,104.85020449692605,103.22580404417401,16.060523008
layer_by_layer_optimized,nvlstree,LL128,False,True,2.3184119733050466,103.16583132182794,103.9107113894733,16.060523008
layer_by_layer_optimized,nvlstree,LL128,True,False,2.0826515899971128,116.0026027179476,115.67361463485786,16.060523008
layer_by_layer_optimized,nvlstree,LL128,True,True,2.0863338382914662,114.98073139050977,115.46945796425535,16.060523008
layer_by_layer_optimized,pat,SIMPLE,False,False,2.3574620466679335,104.98636544221341,102.1894871141201,16.060523008
layer_by_layer_optimized,pat,SIMPLE,False,True,2.3227577336753407,106.97905236703649,103.71629978766975,16.060523008
layer_by_layer_optimized,pat,SIMPLE,True,False,2.119728794321418,115.76711313684439,113.65031134424962,16.060523008
layer_by_layer_optimized,pat,SIMPLE,True,True,2.0935140690611056,115.0546577121194,115.07342654164336,16.060523008
layer_by_layer_optimized,pat,LL,False,False,2.3240673889716468,104.31870537399102,103.65785371937811,16.060523008
layer_by_layer_optimized,pat,LL,False,True,2.445368574000895,105.90607053290599,98.51596197044766,16.060523008
layer_by_layer_optimized,pat,LL,True,False,2.104728641686961,115.25937777210612,114.46028370047264,16.060523008
layer_by_layer_optimized,pat,LL,True,True,2.097435597330332,115.2366437457503,114.85827633832166,16.060523008
layer_by_layer_optimized,pat,LL128,False,False,2.3280085830483586,106.08165707980844,103.48236651453779,16.060523008
layer_by_layer_optimized,pat,LL128,False,True,2.374265788976724,104.28543956439594,101.46624634802492,16.060523008
layer_by_layer_optimized,pat,LL128,True,False,2.1067908760160208,113.91150387522734,114.34824413876379,16.060523008
layer_by_layer_optimized,pat,LL128,True,True,2.1121454869862646,114.93311471374581,114.05835389859517,16.060523008
bucket_flatten,ring,SIMPLE,False,False,2.312286029725025,107.02615835342662,104.18600222596535,48.181568
bucket_flatten,ring,SIMPLE,False,True,2.257573809629927,112.8717817128853,106.71094624343239,48.181568
bucket_flatten,ring,SIMPLE,True,False,2.156855297352498,114.2541854273377,111.69401940673079,37.712192
bucket_flatten,ring,SIMPLE,True,True,2.1978217933016517,114.0829753978059,109.61208873905062,37.712192
bucket_flatten,ring,LL,False,False,2.2454281843577824,106.76552110000705,107.28815070471842,48.181568
bucket_flatten,ring,LL,False,True,2.2739015486246594,109.67138970958186,105.94470881367316,48.181568
bucket_flatten,ring,LL,True,False,2.183607259687657,112.4078700920161,110.32562580619897,37.712192
bucket_flatten,ring,LL,True,True,2.1472223833358535,115.04841807727172,112.19510345534567,37.712192
bucket_flatten,ring,LL128,False,False,2.2931395990308374,108.66855098860998,105.05589696406457,48.181568
bucket_flatten,ring,LL128,False,True,2.2877816720089563,110.43235992682476,105.30193522726013,48.181568
bucket_flatten,ring,LL128,True,False,2.1662344903064272,116.98032642992032,111.21041536270717,37.712192
bucket_flatten,ring,LL128,True,True,2.1495379576614746,113.68235735165165,112.07424208600087,37.712192
bucket_flatten,tree,SIMPLE,False,False,2.3202015353211514,107.9724167855913,103.83056548001753,48.181568
bucket_flatten,tree,SIMPLE,False,True,2.2765650876487293,108.62896366132193,105.82075546489787,48.181568
bucket_flatten,tree,SIMPLE,True,False,2.130837976311644,113.52498431000541,113.0577923418642,37.712192
bucket_flatten,tree,SIMPLE,True,True,2.1545874103127667,116.86010884803697,111.81158688986726,37.712192
bucket_flatten,tree,LL,False,False,2.260831838628898,109.77546967446594,106.55716773083874,48.181568
bucket_flatten,tree,LL,False,True,2.268820972957959,107.37420060636966,106.18195102715316,48.181568
bucket_flatten,tree,LL,True,False,2.164072053041309,116.04057620516915,111.32154176726085,37.712192
bucket_flatten,tree,LL,True,True,2.132219498666624,114.2446551270386,112.98453915774189,37.712192
bucket_flatten,tree,LL128,False,False,2.3252413590283445,110.47837992260789,103.60551884414652,48.181568
bucket_flatten,tree,LL128,False,True,2.3124518279607096,109.34801110051225,104.17853229507068,48.181568
bucket_flatten,tree,LL128,True,False,2.162051768352588,116.96396911938865,111.42556388627261,37.712192
bucket_flatten,tree,LL128,True,True,2.1879563139906772,115.1851093370642,110.1063288601961,37.712192
bucket_flatten,collnet,SIMPLE,False,False,2.356054435328891,107.77695272822885,102.2505396427187,48.181568
bucket_flatten,collnet,SIMPLE,False,True,2.262690453014026,109.85473742427966,106.46963976848788,48.181568
bucket_flatten,collnet,SIMPLE,True,False,2.182595868672555,115.07275714620583,110.37674949257513,37.712192
bucket_flatten,collnet,SIMPLE,True,True,2.138026919681579,116.22868408043938,112.67764461818794,37.712192
bucket_flatten,collnet,LL,False,False,2.3194294290151447,109.9842316929512,103.86512925391834,48.181568
bucket_flatten,collnet,LL,False,True,2.299823078326881,107.65607373710846,104.75059569158694,48.181568
bucket_flatten,collnet,LL,True,False,2.1557835650164634,116.92467956949157,111.74954728730397,37.712192
bucket_flatten,collnet,LL,True,True,2.1587484219732382,114.54516722558525,111.59606880907148,37.712192
bucket_flatten,collnet,LL128,False,False,2.282535954999427,109.82278385918161,105.54393980622332,48.181568
bucket_flatten,collnet,LL128,False,True,2.2581444343862436,103.81897078692259,106.68398078153844,48.181568
bucket_flatten,collnet,LL128,True,False,2.1910696673827865,115.9246147472536,109.94987563666211,37.712192
bucket_flatten,collnet,LL128,True,True,2.200602939662834,115.93202418260039,109.4735597676293,37.712192
bucket_flatten,collnetchain,SIMPLE,False,False,2.16603710471342,117.16803886493311,111.22054969223328,48.181568
bucket_flatten,collnetchain,SIMPLE,False,True,2.1771663459949195,112.32818858140496,110.65201236606022,48.181568
bucket_flatten,collnetchain,SIMPLE,True,False,2.1300180800414332,117.12399463555018,113.10131106272763,37.712192
bucket_flatten,collnetchain,SIMPLE,True,True,2.134281050724288,116.88185383319387,112.87540474495883,37.712192
bucket_flatten,collnetchain,LL,False,False,2.1473343113126853,117.24105325714979,112.18925538088702,48.181568
bucket_flatten,collnetchain,LL,False,True,2.1098550693131983,116.3925470732696,114.18217343166631,48.181568
bucket_flatten,collnetchain,LL,True,False,2.1638635580117502,117.43076812659208,111.33226794639324,37.712192
bucket_flatten,collnetchain,LL,True,True,2.1284267506562173,116.95680012782461,113.18587184911365,37.712192
bucket_flatten,collnetchain,LL128,False,False,2.3060245882564536,111.97806605944213,104.46889363922453,48.181568
bucket_flatten,collnetchain,LL128,False,True,2.2531333322792,111.08657250636202,106.92125227951115,48.181568
bucket_flatten,collnetchain,LL128,True,False,2.1323658882950745,117.51574396293826,112.97678262552634,37.712192
bucket_flatten,collnetchain,LL128,True,True,2.1469044890254736,116.20240087096104,112.21171629733435,37.712192
bucket_flatten,collnetdirect,SIMPLE,False,False,2.283098698981727,111.131582075828,105.51792506712306,48.181568
bucket_flatten,collnetdirect,SIMPLE,False,True,2.2379820733331144,110.45929285727512,107.64511490532473,48.181568
bucket_flatten,collnetdirect,SIMPLE,True,False,2.1722762843128294,115.94391700764463,110.90110368544026,37.712192
bucket_flatten,collnetdirect,SIMPLE,True,True,2.1142066849861294,116.80269703277487,113.9471552856151,37.712192
bucket_flatten,collnetdirect,LL,False,False,2.274673223340263,110.81514099930463,105.90876745198453,48.181568
bucket_flatten,collnetdirect,LL,False,True,2.2268464173345515,107.91939960785646,108.18340931134232,48.181568
bucket_flatten,collnetdirect,LL,True,False,2.1408417467027903,117.59730741159389,112.52949350928593,37.712192
bucket_flatten,collnetdirect,LL,True,True,2.1956130169952908,115.78035931966113,109.72235798168285,37.712192
bucket_flatten,collnetdirect,LL128,False,False,2.3022805753474436,110.79429096431886,104.63878296138772,48.181568
bucket_flatten,collnetdirect,LL128,False,True,2.2536542846355587,109.40729833710547,106.89653647518415,48.181568
bucket_flatten,collnetdirect,LL128,True,False,2.123823463994389,114.88466346504765,113.43119685988951,37.712192
bucket_flatten,collnetdirect,LL128,True,True,2.1479072743095458,117.19353392190148,112.15932844095464,37.712192
bucket_flatten,nvls,SIMPLE,False,False,2.239570789039135,110.65854424609466,107.56875318210373,48.181568
bucket_flatten,nvls,SIMPLE,False,True,2.3262159540317953,110.0654960428279,103.56211211708816,48.181568
bucket_flatten,nvls,SIMPLE,True,False,2.132736013038084,117.30435817064034,112.95717611896401,37.712192
bucket_flatten,nvls,SIMPLE,True,True,2.1546167283474156,117.06680102388833,111.81006546105097,37.712192
bucket_flatten,nvls,LL,False,False,2.2465004686576626,107.24728731760891,107.23694065550235,48.181568
bucket_flatten,nvls,LL,False,True,2.2215323173440993,107.63832393837198,108.44219350723274,48.181568
bucket_flatten,nvls,LL,True,False,2.1376983187316605,117.24040229742644,112.69496510758145,37.712192
bucket_flatten,nvls,LL,True,True,2.14146024431102,117.10312595344408,112.49699268524512,37.712192
bucket_flatten,nvls,LL128,False,False,2.2516921783487,110.40071189280079,106.9896852493719,48.181568
bucket_flatten,nvls,LL128,False,True,2.2379060787303993,111.08488750293823,107.64877030794382,48.181568
bucket_flatten,nvls,LL128,True,False,2.1345949246703335,116.84312849268643,112.85880738107994,37.712192
bucket_flatten,nvls,LL128,True,True,2.136966525732229,117.08792887760072,112.73355690840931,37.712192
bucket_flatten,nvlstree,SIMPLE,False,False,2.2152860887193433,109.96624662023979,108.74795750614261,48.181568
bucket_flatten,nvlstree,SIMPLE,False,True,2.3483551736765853,111.14722092886983,102.58577584021698,48.181568
bucket_flatten,nvlstree,SIMPLE,True,False,2.1200584459584206,116.30984056775442,113.63263965635255,37.712192
bucket_flatten,nvlstree,SIMPLE,True,True,2.117322346350799,117.15934671265254,113.77948088783185,37.712192
bucket_flatten,nvlstree,LL,False,False,2.2483394883262613,109.22168343394719,107.14922665853268,48.181568
bucket_flatten,nvlstree,LL,False,True,2.1704867240041494,111.46174058636863,110.9925413391008,48.181568
bucket_flatten,nvlstree,LL,True,False,2.118986061696584,115.43094164080755,113.69014728068345,37.712192
bucket_flatten,nvlstree,LL,True,True,2.140790075995028,117.08630148245744,112.53220955260048,37.712192
bucket_flatten,nvlstree,LL128,False,False,2.2363206246712557,109.67371818993333,107.7250886041504,48.181568
bucket_flatten,nvlstree,LL128,False,True,2.297572591652473,111.29460978154688,104.85319955298255,48.181568
bucket_flatten,nvlstree,LL128,True,False,2.1477612589951605,116.8807066249418,112.1669535806367,37.712192
bucket_flatten,nvlstree,LL128,True,True,2.1415231633000076,116.84298144807632,112.4936874690489,37.712192
bucket_flatten,pat,SIMPLE,False,False,2.240243495364363,111.6918755805628,107.53645214839368,48.181568
bucket_flatten,pat,SIMPLE,False,True,2.2487793596616634,111.7785882171679,107.12826778890634,48.181568
bucket_flatten,pat,SIMPLE,True,False,2.1435270799944797,117.52250936743977,112.38852062490409,37.712192
bucket_flatten,pat,SIMPLE,True,True,2.146610777669897,116.13349866253047,112.22706973525058,37.712192
bucket_flatten,pat,LL,False,False,2.2336142079439014,110.70668218916414,107.85561650852935,48.181568
bucket_flatten,pat,LL,False,True,2.242629690328613,111.35374004069524,107.42203159037805,48.181568
bucket_flatten,pat,LL,True,False,2.1418380443161973,116.1733635231759,112.47714927806888,37.712192
bucket_flatten,pat,LL,True,True,2.1554847933196775,117.43027734301434,111.76503688943968,37.712192
bucket_flatten,pat,LL128,False,False,2.2480796786646047,110.72176293202797,107.1616098514369,48.181568
bucket_flatten,pat,LL128,False,True,2.2757659916921207,111.46077033100045,105.85791259710126,48.181568
bucket_flatten,pat,LL128,True,False,2.1375772930526487,116.96483471859048,112.7013456883996,37.712192
bucket_flatten,pat,LL128,True,True,2.141673190984875,117.17195400315875,112.48580710356445,37.712192
bucket_coalesced,ring,SIMPLE,False,False,2.186471213353798,109.74523969790559,110.18111556587787,16.060523008
bucket_coalesced,ring,SIMPLE,False,True,2.164668031036854,111.5825813517943,111.29089263844655,16.060523008
bucket_coalesced,ring,SIMPLE,True,False,2.1004904546619705,115.73413581953548,114.69123170986704,16.060523008
bucket_coalesced,ring,SIMPLE,True,True,2.06103622696052,116.60241767605389,116.88675545275348,16.060523008
bucket_coalesced,ring,LL,False,False,2.199534864320109,110.34719479995404,109.52671919318097,16.060523008
bucket_coalesced,ring,LL,False,True,2.18062812066637,111.25415444614684,110.47635089947474,16.060523008
bucket_coalesced,ring,LL,True,False,2.064768752005572,116.55355187896353,116.67545685491365,16.060523008
bucket_coalesced,ring,LL,True,True,2.0774308196268976,116.89609152693593,115.96431282523602,16.060523008
bucket_coalesced,ring,LL128,False,False,2.1746090257074684,110.86213692654924,110.78213811865567,16.060523008
bucket_coalesced,ring,LL128,False,True,2.1688720006495714,111.35444493521541,111.07517519145838,16.060523008
bucket_coalesced,ring,LL128,True,False,2.0684524476528168,116.1372487422775,116.46767017214776,16.060523008
bucket_coalesced,ring,LL128,True,True,2.0754139833152294,117.00915740309642,116.07700409495078,16.060523008
bucket_coalesced,tree,SIMPLE,False,False,2.167453035324191,109.53804049949741,111.14789271730027,16.060523008
bucket_coalesced,tree,SIMPLE,False,True,2.1758246913086623,111.21705151974597,110.7202424911837,16.060523008
bucket_coalesced,tree,SIMPLE,True,False,2.076138860623663,115.76222566256875,116.03647617656576,16.060523008
bucket_coalesced,tree,SIMPLE,True,True,2.081773199296246,115.75464551377907,115.72242236639426,16.060523008
bucket_coalesced,tree,LL,False,False,2.1641632719741515,106.97838580288804,111.31684959251882,16.060523008
bucket_coalesced,tree,LL,False,True,2.1424752350430936,112.0975052343223,112.44369759781816,16.060523008
bucket_coalesced,tree,LL,True,False,2.07679780999509,117.13916780678075,115.99965884043837,16.060523008
bucket_coalesced,tree,LL,True,True,2.101476811338216,114.55362272672916,114.63739982293232,16.060523008
bucket_coalesced,tree,LL128,False,False,2.200699993331606,108.43630604644432,109.46873184440435,16.060523008
bucket_coalesced,tree,LL128,False,True,2.1922318756890795,111.5065738092188,109.89158588175167,16.060523008
bucket_coalesced,tree,LL128,True,False,2.05667258038496,117.2451734847819,117.13475432968907,16.060523008
bucket_coalesced,tree,LL128,True,True,2.0483011569983014,117.18577543041417,117.61348501752558,16.060523008
bucket_coalesced,collnet,SIMPLE,False,False,2.2159571446633586,109.74107733046168,108.71502547789477,16.060523008
bucket_coalesced,collnet,SIMPLE,False,True,2.155502642970532,108.99926944491953,111.76411136661893,16.060523008
bucket_coalesced,collnet,SIMPLE,True,False,2.0558269899338484,117.69260212039154,117.18293349565948,16.060523008
bucket_coalesced,collnet,SIMPLE,True,True,2.047770801310738,117.56558550053617,117.64394593662514,16.060523008
bucket_coalesced,collnet,LL,False,False,2.1920789886886873,106.20270347185567,109.8992502930345,16.060523008
bucket_coalesced,collnet,LL,False,True,2.1809579969849437,111.79405979332525,110.4596410261188,16.060523008
bucket_coalesced,collnet,LL,True,False,2.0914723463356495,116.1252458423292,115.1857627293428,16.060523008
bucket_coalesced,collnet,LL,True,True,2.0415615613261857,116.23951817448149,118.0017502305969,16.060523008
bucket_coalesced,collnet,LL128,False,False,2.2019886853328594,108.8550379671854,109.40466635666824,16.060523008
bucket_coalesced,collnet,LL128,False,True,2.2036351719871163,111.04596416179471,109.32292264275426,16.060523008
bucket_coalesced,collnet,LL128,True,False,2.0559933646582067,117.5608601420386,117.1734508394433,16.060523008
bucket_coalesced,collnet,LL128,True,True,2.073339735313008,116.86580773082943,116.19313194884128,16.060523008
bucket_coalesced,collnetchain,SIMPLE,False,False,2.157302042314162,110.25090350080717,111.67088924718927,16.060523008
bucket_coalesced,collnetchain,SIMPLE,False,True,2.1465091596667967,110.93503818456793,112.2323826828655,16.060523008
bucket_coalesced,collnetchain,SIMPLE,True,False,2.0704325093732527,117.43888114151837,116.35628611382555,16.060523008
bucket_coalesced,collnetchain,SIMPLE,True,True,2.0922616253762194,117.58098699541891,115.14231036794035,16.060523008
bucket_coalesced,collnetchain,LL,False,False,2.1599908562687538,110.86274513645712,111.53187835996347,16.060523008
bucket_coalesced,collnetchain,LL,False,True,2.1622486383033297,110.23959779076542,111.41541873234117,16.060523008
bucket_coalesced,collnetchain,LL,True,False,2.096955325997745,117.21974911927374,114.88458263905763,16.060523008
bucket_coalesced,collnetchain,LL,True,True,2.05231751431711,117.56258124409707,117.38331703521025,16.060523008
bucket_coalesced,collnetchain,LL128,False,False,2.162938436648498,111.23983152037653,111.37988643508963,16.060523008
bucket_coalesced,collnetchain,LL128,False,True,2.1725157296750695,111.01032229641952,110.88888064162886,16.060523008
bucket_coalesced,collnetchain,LL128,True,False,2.045086084321762,116.69346228729266,117.79838476574218,16.060523008
bucket_coalesced,collnetchain,LL128,True,True,2.053348476300016,117.32074583575026,117.32438026013895,16.060523008
bucket_coalesced,collnetdirect,SIMPLE,False,False,2.1607570136742047,112.01697765862495,111.49233158352884,16.060523008
bucket_coalesced,collnetdirect,SIMPLE,False,True,2.171616457014655,111.34656190890983,110.93480004806126,16.060523008
bucket_coalesced,collnetdirect,SIMPLE,True,False,2.038298999036973,115.45059161796368,118.1906273583124,16.060523008
bucket_coalesced,collnetdirect,SIMPLE,True,True,2.0450272996289036,117.78919248932058,117.80177090238152,16.060523008
bucket_coalesced,collnetdirect,LL,False,False,2.1669011153280735,112.35118101860142,111.17620261297711,16.060523008
bucket_coalesced,collnetdirect,LL,False,True,2.145040738318736,111.67637228670155,112.30921312423251,16.060523008
bucket_coalesced,collnetdirect,LL,True,False,2.0532156533251205,116.7396314902954,117.33197000025645,16.060523008
bucket_coalesced,collnetdirect,LL,True,True,2.0624667156953365,116.58902806001764,116.80568496291139,16.060523008
bucket_coalesced,collnetdirect,LL128,False,False,2.1525422510070107,107.84784506621887,111.91782058043115,16.060523008
bucket_coalesced,collnetdirect,LL128,False,True,2.1670248936861753,111.15459171166235,111.16985233621772,16.060523008
bucket_coalesced,collnetdirect,LL128,True,False,2.084066182995836,114.40406065455335,115.5950993330241,16.060523008
bucket_coalesced,collnetdirect,LL128,True,True,2.0491412483776608,116.85245447985828,117.56526673343319,16.060523008
bucket_coalesced,nvls,SIMPLE,False,False,2.2355258043389767,111.8666177002519,107.76338925384674,16.060523008
bucket_coalesced,nvls,SIMPLE,False,True,2.1885302170024565,110.15733665417416,110.07745543946015,16.060523008
bucket_coalesced,nvls,SIMPLE,True,False,2.059360283970212,115.66094571140387,116.98187991445438,16.060523008
bucket_coalesced,nvls,SIMPLE,True,True,2.0838346167001873,113.85976572038923,115.60794484808231,16.060523008
bucket_coalesced,nvls,LL,False,False,2.1794433423007527,111.41203551744775,110.53640751481204,16.060523008
bucket_coalesced,nvls,LL,False,True,2.1898551009750613,107.13515293397941,110.01085749131651,16.060523008
bucket_coalesced,nvls,LL,True,False,2.073276200952629,117.23018125053436,116.19669262074568,16.060523008
bucket_coalesced,nvls,LL,True,True,2.072977023276811,115.39221826047331,116.21346244310534,16.060523008
bucket_coalesced,nvls,LL128,False,False,2.1611256359610707,108.02836402744525,111.47331438362502,16.060523008
bucket_coalesced,nvls,LL128,False,True,2.2012418776284903,110.91999986365073,109.4417836987284,16.060523008
bucket_coalesced,nvls,LL128,True,False,2.0473945757063725,116.07825309000997,117.6655639799594,16.060523008
bucket_coalesced,nvls,LL128,True,True,2.0566126783378422,116.14799430417969,117.13816606182849,16.060523008
bucket_coalesced,nvlstree,SIMPLE,False,False,2.182288175681606,109.5702807471759,110.39231212658517,16.060523008
bucket_coalesced,nvlstree,SIMPLE,False,True,2.1702787389513105,109.46488864512273,111.00317812467162,16.060523008
bucket_coalesced,nvlstree,SIMPLE,True,False,2.087614021729678,117.04814506298176,115.3986488557868,16.060523008
bucket_coalesced,nvlstree,SIMPLE,True,True,2.100469563699638,115.50440121846601,114.69237241204283,16.060523008
bucket_coalesced,nvlstree,LL,False,False,2.1657724659889936,109.05844706194839,111.23413988458393,16.060523008
bucket_coalesced,nvlstree,LL,False,True,2.1761790166298547,111.10858153872792,110.70221502874453,16.060523008
bucket_coalesced,nvlstree,LL,True,False,2.083081786055118,113.87101322055585,115.64972583060435,16.060523008
bucket_coalesced,nvlstree,LL,True,True,2.0493132469709963,115.88020001439452,117.55539949594127,16.060523008
bucket_coalesced,nvlstree,LL128,False,False,2.154863688008239,112.63560232348955,111.79725139026006,16.060523008
bucket_coalesced,nvlstree,LL128,False,True,2.15617067568625,111.58375743138302,111.7294841992625,16.060523008
bucket_coalesced,nvlstree,LL128,True,False,2.0543883583353213,116.49951583321295,117.26499347728418,16.060523008
bucket_coalesced,nvlstree,LL128,True,True,2.080753738681475,117.3078317875648,115.77912030697955,16.060523008
bucket_coalesced,pat,SIMPLE,False,False,2.144601025696223,110.6309229916844,112.33224014792759,16.060523008
bucket_coalesced,pat,SIMPLE,False,True,2.197408359653006,111.26167524730651,109.63271181786251,16.060523008
bucket_coalesced,pat,SIMPLE,True,False,2.048685017352303,116.43737948833066,117.59144787974607,16.060523008
bucket_coalesced,pat,SIMPLE,True,True,2.0518605106820664,117.71314458208496,117.40946140628192,16.060523008
bucket_coalesced,pat,LL,False,False,2.1929875846641758,109.74040814729642,109.85371696798344,16.060523008
bucket_coalesced,pat,LL,False,True,2.2523350520059466,115.44055920873231,106.95914767451923,16.060523008
bucket_coalesced,pat,LL,True,False,2.0511905887008957,117.81997723083863,117.4478075158179,16.060523008
bucket_coalesced,pat,LL,True,True,2.0791055483277887,115.1257647234108,115.87090305913551,16.060523008
bucket_coalesced,pat,LL128,False,False,2.1632620013163737,110.82638718784463,111.36322705867546,16.060523008
bucket_coalesced,pat,LL128,False,True,2.1416929193461933,110.99854953141309,112.4847709323068,16.060523008
bucket_coalesced,pat,LL128,True,False,2.0913916996990642,116.8973421780457,115.19020443404497,16.060523008
bucket_coalesced,pat,LL128,True,True,2.0546461523044854,113.65801848425242,117.25028038029731,16.060523008
bucket_optimized_flatten,ring,SIMPLE,False,False,2.212210113648325,109.74834433290629,108.8991664732517,48.181568
bucket_optimized_flatten,ring,SIMPLE,False,True,2.312880882372459,111.70203093717896,104.1592065013251,48.181568
bucket_optimized_flatten,ring,SIMPLE,True,False,2.126801933705186,117.14524248388568,113.27234267664264,36.483285504
bucket_optimized_flatten,ring,SIMPLE,True,True,2.153276638671135,117.32020047312939,111.87965034937311,36.483285504
bucket_optimized_flatten,ring,LL,False,False,2.2789435690113655,112.54644612082181,105.71031275886698,48.181568
bucket_optimized_flatten,ring,LL,False,True,2.292738054335738,112.96317019634067,105.07429620423727,48.181568
bucket_optimized_flatten,ring,LL,True,False,2.133454869656513,117.43747690264146,112.9191157808678,36.483285504
bucket_optimized_flatten,ring,LL,True,True,2.1423667053071163,117.469027539116,112.44939386110603,36.483285504
bucket_optimized_flatten,ring,LL128,False,False,2.299631796311587,113.5460284548175,104.75930878429998,48.181568
bucket_optimized_flatten,ring,LL128,False,True,2.2455044706196836,111.06321816266187,107.28450581686775,48.181568
bucket_optimized_flatten,ring,LL128,True,False,2.131973544989402,116.72927979363239,112.99757354221653,36.483285504
bucket_optimized_flatten,ring,LL128,True,True,2.1615765996587775,116.94395449060907,111.45005801692582,36.483285504
bucket_optimized_flatten,tree,SIMPLE,False,False,2.2756122283171862,111.9666387053215,105.86506542819521,48.181568
bucket_optimized_flatten,tree,SIMPLE,False,True,2.2463657876942307,110.55261043111706,107.24337005117874,48.181568
bucket_optimized_flatten,tree,SIMPLE,True,False,2.143297648988664,116.54126819550957,112.40055134370847,36.483285504
bucket_optimized_flatten,tree,SIMPLE,True,True,2.154345866292715,116.88798251855032,111.82412314071179,36.483285504
bucket_optimized_flatten,tree,LL,False,False,2.260809703341996,107.93891273581146,106.55821101788572,48.181568
bucket_optimized_flatten,tree,LL,False,True,2.230275748685623,112.04330674012584,108.01706362183023,48.181568
bucket_optimized_flatten,tree,LL,True,False,2.131376748361314,116.59514576490143,113.02921345333215,36.483285504
bucket_optimized_flatten,tree,LL,True,True,2.117823247642567,117.04308409765171,113.75257010147757,36.483285504
bucket_optimized_flatten,tree,LL128,False,False,2.2526735309511423,112.82461272846334,106.94307636237103,48.181568
bucket_optimized_flatten,tree,LL128,False,True,2.233108924391369,112.80504350647568,107.88002090209689,48.181568
bucket_optimized_flatten,tree,LL128,True,False,2.1541907092711576,117.70941124814375,111.83217734770939,36.483285504
bucket_optimized_flatten,tree,LL128,True,True,2.136149498013159,117.01835161950208,112.77667488350855,36.483285504
bucket_optimized_flatten,collnet,SIMPLE,False,False,2.2091290096286684,107.86222271786035,109.0510497078186,48.181568
bucket_optimized_flatten,collnet,SIMPLE,False,True,2.1997056800561645,110.88203566148444,109.5182140157264,48.181568
bucket_optimized_flatten,collnet,SIMPLE,True,False,2.1395784409251064,117.53385220327426,112.59593611152522,36.483285504
bucket_optimized_flatten,collnet,SIMPLE,True,True,2.1320906746356436,115.80549984908741,112.99136584853227,36.483285504
bucket_optimized_flatten,collnet,LL,False,False,2.154136456316337,114.86053198263866,111.83499389447334,48.181568
bucket_optimized_flatten,collnet,LL,False,True,2.1331667286188654,116.14035626939459,112.93436851791589,48.181568
bucket_optimized_flatten,collnet,LL,True,False,2.1413127750468752,117.18801668526615,112.50474019832357,36.483285504
bucket_optimized_flatten,collnet,LL,True,True,2.129907856695354,117.53774084505842,113.10716408820574,36.483285504
bucket_optimized_flatten,collnet,LL128,False,False,2.2032890932944915,111.52025376764736,109.34009439486671,48.181568
bucket_optimized_flatten,collnet,LL128,False,True,2.203426904665927,111.29529060348071,109.3332558161376,48.181568
bucket_optimized_flatten,collnet,LL128,True,False,2.1808027056977153,117.16696676216473,110.46750667109299,36.483285504
bucket_optimized_flatten,collnet,LL128,True,True,2.1584616596034416,117.84188994855958,111.61089490200176,36.483285504
bucket_optimized_flatten,collnetchain,SIMPLE,False,False,2.22763213631697,110.74558605136313,108.1452514140428,48.181568
bucket_optimized_flatten,collnetchain,SIMPLE,False,True,2.201630720325435,110.76395195953607,109.42245455422702,48.181568
bucket_optimized_flatten,collnetchain,SIMPLE,True,False,2.120734722043077,116.40156588058987,113.59640361238289,36.483285504
bucket_optimized_flatten,collnetchain,SIMPLE,True,True,2.136619802021111,116.99813639834913,112.75185094330588,36.483285504
bucket_optimized_flatten,collnetchain,LL,False,False,2.2680341206335775,112.95430839648279,106.21878888343274,48.181568
bucket_optimized_flatten,collnetchain,LL,False,True,2.2073263342802725,114.5271772146682,109.14010932531693,48.181568
bucket_optimized_flatten,collnetchain,LL,True,False,2.140348204644397,117.41529333720469,112.55544164134035,36.483285504
bucket_optimized_flatten,collnetchain,LL,True,True,2.1668547059719763,117.12439306902523,111.17858376754293,36.483285504
bucket_optimized_flatten,collnetchain,LL128,False,False,2.20800325468493,113.49922754192802,109.10664960698901,48.181568
bucket_optimized_flatten,collnetchain,LL128,False,True,2.2539325446511307,112.5263341849631,106.88333952659987,48.181568
bucket_optimized_flatten,collnetchain,LL128,True,False,2.1438903933546194,117.73857462718341,112.36947475800905,36.483285504
bucket_optimized_flatten,collnetchain,LL128,True,True,2.1404549536916115,117.92950776758232,112.54982826174863,36.483285504
bucket_optimized_flatten,collnetdirect,SIMPLE,False,False,2.243600379054745,112.28396410489064,107.37555568674723,48.181568
bucket_optimized_flatten,collnetdirect,SIMPLE,False,True,2.229888206658264,110.90793680976799,108.0358363798996,48.181568
bucket_optimized_flatten,collnetdirect,SIMPLE,True,False,2.141451446029047,116.8821580342475,112.49745488590091,36.483285504
bucket_optimized_flatten,collnetdirect,SIMPLE,True,True,2.126997659681365,117.1783308723334,113.26191937422688,36.483285504
bucket_optimized_flatten,collnetdirect,LL,False,False,2.283488085027784,111.11442846044864,105.49993188909885,48.181568
bucket_optimized_flatten,collnetdirect,LL,False,True,2.1879380017053336,113.05896155147934,110.10725041213709,48.181568
bucket_optimized_flatten,collnetdirect,LL,True,False,2.144459094386548,115.84319936700257,112.33967487214534,36.483285504
bucket_optimized_flatten,collnetdirect,LL,True,True,2.185370877307529,117.49092695744045,110.23659184879814,36.483285504
bucket_optimized_flatten,collnetdirect,LL128,False,False,2.241449964310353,113.34734067932295,107.4785702450968,48.181568
bucket_optimized_flatten,collnetdirect,LL128,False,True,2.2269310476258397,113.68782869322808,108.17929800603166,48.181568
bucket_optimized_flatten,collnetdirect,LL128,True,False,2.137831241978953,117.85818422291392,112.68795810888975,36.483285504
bucket_optimized_flatten,collnetdirect,LL128,True,True,2.1305881809288016,116.27553706208982,113.07104751467243,36.483285504
bucket_optimized_flatten,nvls,SIMPLE,False,False,2.2586559143383056,113.46370002171992,106.65982184832974,48.181568
bucket_optimized_flatten,nvls,SIMPLE,False,True,2.268974293333789,110.54225329387253,106.17477604210126,48.181568
bucket_optimized_flatten,nvls,SIMPLE,True,False,2.119969194677348,117.96836273391622,113.63742362146228,36.483285504
bucket_optimized_flatten,nvls,SIMPLE,True,True,2.1193120133442185,116.5542971092558,113.67266165771116,36.483285504
bucket_optimized_flatten,nvls,LL,False,False,2.2330045826577893,111.5245797960581,107.885061818039,48.181568
bucket_optimized_flatten,nvls,LL,False,True,2.2193023566311845,113.40763930775417,108.55115650203193,48.181568
bucket_optimized_flatten,nvls,LL,True,False,2.138705638314908,117.46976625133026,112.64188634664654,36.483285504
bucket_optimized_flatten,nvls,LL,True,True,2.1353476559743285,117.22450642064244,112.81902352808082,36.483285504
bucket_optimized_flatten,nvls,LL128,False,False,2.186727824000021,112.44066363359596,110.1681859058824,48.181568
bucket_optimized_flatten,nvls,LL128,False,True,2.2075089413362243,110.4802991972343,109.1310811607297,48.181568
bucket_optimized_flatten,nvls,LL128,True,False,2.150085103310024,116.91225611563611,112.04572185032397,36.483285504
bucket_optimized_flatten,nvls,LL128,True,True,2.1180898820360503,116.964693599484,113.73825043176316,36.483285504
bucket_optimized_flatten,nvlstree,SIMPLE,False,False,2.220506341662258,111.41795859692073,108.49229876986428,48.181568
bucket_optimized_flatten,nvlstree,SIMPLE,False,True,2.190672342044612,111.85620368580528,109.96981740096942,48.181568
bucket_optimized_flatten,nvlstree,SIMPLE,True,False,2.141126843945434,116.72421678541386,112.51450988119949,36.483285504
bucket_optimized_flatten,nvlstree,SIMPLE,True,True,2.134668491935978,116.5303011594596,112.8549179181988,36.483285504
bucket_optimized_flatten,nvlstree,LL,False,False,2.2361017540097237,110.78545613619897,107.73563278505098,48.181568
bucket_optimized_flatten,nvlstree,LL,False,True,2.2607433455996215,112.169571403621,106.5613387335233,48.181568
bucket_optimized_flatten,nvlstree,LL,True,False,2.171368741663173,117.20524527636107,110.94745577643123,36.483285504
bucket_optimized_flatten,nvlstree,LL,True,True,2.1359818506365023,118.2624942609567,112.78552641644016,36.483285504
bucket_optimized_flatten,nvlstree,LL128,False,False,2.199796224711463,112.774195447872,109.51370619412658,48.181568
bucket_optimized_flatten,nvlstree,LL128,False,True,2.2418390670015165,112.58326062847976,107.45991582804236,48.181568
bucket_optimized_flatten,nvlstree,LL128,True,False,2.113909753660361,117.2685698715384,113.96316092626647,36.483285504
bucket_optimized_flatten,nvlstree,LL128,True,True,2.132015726994723,116.78078416231332,112.99533788129335,36.483285504
bucket_optimized_flatten,pat,SIMPLE,False,False,2.256029406019176,111.46156859985746,106.78399705130099,48.181568
bucket_optimized_flatten,pat,SIMPLE,False,True,2.212061674334109,113.33637118618371,108.90647409843122,48.181568
bucket_optimized_flatten,pat,SIMPLE,True,False,2.1412618486986807,117.56049179674223,112.50741593626584,36.483285504
bucket_optimized_flatten,pat,SIMPLE,True,True,2.1244317333524427,117.05562025359352,113.39871912939151,36.483285504
bucket_optimized_flatten,pat,LL,False,False,2.1927958307011672,110.38565858684395,109.86332337332446,48.181568
bucket_optimized_flatten,pat,LL,False,True,2.213934841643398,112.07257890194678,108.8143304439686,48.181568
bucket_optimized_flatten,pat,LL,True,False,2.122159907982374,116.69840525412118,113.52011530037863,36.483285504
bucket_optimized_flatten,pat,LL,True,True,2.155014587643867,116.26151746932646,111.7894230606535,36.483285504
bucket_optimized_flatten,pat,LL128,False,False,2.2549761589616537,113.1256948788323,106.83387337936671,48.181568
bucket_optimized_flatten,pat,LL128,False,True,2.210542958928272,112.61787581513009,108.98129641271404,48.181568
bucket_optimized_flatten,pat,LL128,True,False,2.1390334486495703,117.70528629976339,112.62462379543042,36.483285504
bucket_optimized_flatten,pat,LL128,True,True,2.128851054313903,117.62957571208179,113.16331264783621,36.483285504
bucket_optimized_coalesced,ring,SIMPLE,False,False,2.157410910275454,111.70381663452667,111.66525407496032,16.060523008
bucket_optimized_coalesced,ring,SIMPLE,False,True,2.173945376339058,112.39966564450941,110.81595704381994,16.060523008
bucket_optimized_coalesced,ring,SIMPLE,True,False,2.06161394660982,117.04714095056578,116.85400064166045,16.060523008
bucket_optimized_coalesced,ring,SIMPLE,True,True,2.063818804686889,116.69205185272351,116.72916095778533,16.060523008
bucket_optimized_coalesced,ring,LL,False,False,2.1285534566268325,113.55428157813058,113.17913425663839,16.060523008
bucket_optimized_coalesced,ring,LL,False,True,2.148919539681325,113.2772219915178,112.10649491126388,16.060523008
bucket_optimized_coalesced,ring,LL,True,False,2.059985770688703,116.8161085662143,116.94635995444702,16.060523008
bucket_optimized_coalesced,ring,LL,True,True,2.0571253560483456,117.05983763985769,117.1089728351675,16.060523008
bucket_optimized_coalesced,ring,LL128,False,False,2.1384161370030292,111.18702019811633,112.65713593876548,16.060523008
bucket_optimized_coalesced,ring,LL128,False,True,2.1684212119628987,111.71421151107161,111.09826638429043,16.060523008
bucket_optimized_coalesced,ring,LL128,True,False,2.0526388600313417,117.88903159709082,117.36494038523736,16.060523008
bucket_optimized_coalesced,ring,LL128,True,True,2.051735536660999,115.01370074485607,117.41661297734997,16.060523008
bucket_optimized_coalesced,tree,SIMPLE,False,False,2.1752710066890963,111.48457358059977,110.74842477061163,16.060523008
bucket_optimized_coalesced,tree,SIMPLE,False,True,2.145177213009447,111.79415395230014,112.30206808976537,16.060523008
bucket_optimized_coalesced,tree,SIMPLE,True,False,2.0630794210204235,117.22041669304264,116.77099533126268,16.060523008
bucket_optimized_coalesced,tree,SIMPLE,True,True,2.0562085459629693,116.2486962043181,117.16118869021497,16.060523008
bucket_optimized_coalesced,tree,LL,False,False,2.15816582669504,112.79018520780959,111.62619408579928,16.060523008
bucket_optimized_coalesced,tree,LL,False,True,2.169212548683087,112.13977787723653,111.05773732788583,16.060523008
bucket_optimized_coalesced,tree,LL,True,False,2.069583924332013,116.44659186677812,116.40399531889308,16.060523008
bucket_optimized_coalesced,tree,LL,True,True,2.0506887590357414,117.67054613104031,117.47654849060457,16.060523008
bucket_optimized_coalesced,tree,LL128,False,False,2.1911790166050196,111.65758056225302,109.94438866672748,16.060523008
bucket_optimized_coalesced,tree,LL128,False,True,2.173280291026458,112.72464310414229,110.84986986479193,16.060523008
bucket_optimized_coalesced,tree,LL128,True,False,2.054141160023088,117.11660836981777,117.2791053158646,16.060523008
bucket_optimized_coalesced,tree,LL128,True,True,2.0465613120080284,117.13861792021531,117.71347187425722,16.060523008
bucket_optimized_coalesced,collnet,SIMPLE,False,False,2.171255717674891,111.53368531155061,110.95323110903692,16.060523008
bucket_optimized_coalesced,collnet,SIMPLE,False,True,2.1690776920101293,111.9309357678996,111.06464204919544,16.060523008
bucket_optimized_coalesced,collnet,SIMPLE,True,False,2.0593578279949725,116.94048244576047,116.98201942619761,16.060523008
bucket_optimized_coalesced,collnet,SIMPLE,True,True,2.046194383641705,117.39335314901318,117.73458052956113,16.060523008
bucket_optimized_coalesced,collnet,LL,False,False,2.171796755011504,111.4555240339838,110.925590474383,16.060523008
bucket_optimized_coalesced,collnet,LL,False,True,2.1419910163773843,112.81582078214618,112.46911662936495,16.060523008
bucket_optimized_coalesced,collnet,LL,True,False,2.0864990123081952,117.06363005433755,115.46031702813751,16.060523008
bucket_optimized_coalesced,collnet,LL,True,True,2.0526120953727514,116.61886488269437,117.36647074383116,16.060523008
bucket_optimized_coalesced,collnet,LL128,False,False,2.14310473537383,112.50806755859257,112.41066918643969,16.060523008
bucket_optimized_coalesced,collnet,LL128,False,True,2.1165527169747897,111.54069702706461,113.82085383837357,16.060523008
bucket_optimized_coalesced,collnet,LL128,True,False,2.064713201718405,116.56286583722965,116.67859596165653,16.060523008
bucket_optimized_coalesced,collnet,LL128,True,True,2.0546562276625386,117.25959526225586,117.2497054235037,16.060523008
bucket_optimized_coalesced,collnetchain,SIMPLE,False,False,2.129793389312302,111.34269511576318,113.11324311969422,16.060523008
bucket_optimized_coalesced,collnetchain,SIMPLE,False,True,2.0658503396747014,112.24046598366779,116.61437075733883,16.060523008
bucket_optimized_coalesced,collnetchain,SIMPLE,True,False,2.046548760961741,117.01147431985457,117.71419378582966,16.060523008
bucket_optimized_coalesced,collnetchain,SIMPLE,True,True,2.056401403310398,116.86221725369579,117.150200856791,16.060523008
bucket_optimized_coalesced,collnetchain,LL,False,False,2.1536898310296237,111.99385793393827,111.85818587666736,16.060523008
bucket_optimized_coalesced,collnetchain,LL,False,True,2.160274809304004,111.84112045134262,111.51721827354712,16.060523008
bucket_optimized_coalesced,collnetchain,LL,True,False,2.0689598110038787,117.63741565825745,116.43910923678563,16.060523008
bucket_optimized_coalesced,collnetchain,LL,True,True,2.0554719753563404,116.84936211624907,117.20317295896763,16.060523008
bucket_optimized_coalesced,collnetchain,LL128,False,False,2.145168916710342,112.07643539682591,112.30250241059657,16.060523008
bucket_optimized_coalesced,collnetchain,LL128,False,True,2.1732527853455395,111.84745093924317,110.85127283142836,16.060523008
bucket_optimized_coalesced,collnetchain,LL128,True,False,2.0662626709478595,117.21625691639385,116.59109987671026,16.060523008
bucket_optimized_coalesced,collnetchain,LL128,True,True,2.067236629935602,116.76921559910978,116.53616908263893,16.060523008
bucket_optimized_coalesced,collnetdirect,SIMPLE,False,False,2.1429101512767375,113.04693229022304,112.42087648727039,16.060523008
bucket_optimized_coalesced,collnetdirect,SIMPLE,False,True,2.160647126690795,113.30282934236291,111.49800190138856,16.060523008
bucket_optimized_coalesced,collnetdirect,SIMPLE,True,False,2.0713229090130576,117.07892223091811,116.30626803369233,16.060523008
bucket_optimized_coalesced,collnetdirect,SIMPLE,True,True,2.071874052674199,116.37142607867446,116.27532915384342,16.060523008
bucket_optimized_coalesced,collnetdirect,LL,False,False,2.1446553746548793,111.81651729080862,112.32939347132506,16.060523008
bucket_optimized_coalesced,collnetdirect,LL,False,True,2.1649181379470974,111.89683164557744,111.27803551428646,16.060523008
bucket_optimized_coalesced,collnetdirect,LL,True,False,2.0496020526625216,117.33835385765822,117.53883497874638,16.060523008
bucket_optimized_coalesced,collnetdirect,LL,True,True,2.0694394536161176,116.1446277860512,116.41212165885794,16.060523008
bucket_optimized_coalesced,collnetdirect,LL128,False,False,2.170161898015067,111.33566586979526,111.00915450609732,16.060523008
bucket_optimized_coalesced,collnetdirect,LL128,False,True,2.162800920739149,113.06096002177271,111.38696822713965,16.060523008
bucket_optimized_coalesced,collnetdirect,LL128,True,False,2.05574968464983,116.09420037685538,117.18734009244683,16.060523008
bucket_optimized_coalesced,collnetdirect,LL128,True,True,2.0681526587189487,117.33325569294732,116.48455273568766,16.060523008
bucket_optimized_coalesced,nvls,SIMPLE,False,False,2.159687733355289,111.92924980912173,111.54753241373733,16.060523008
bucket_optimized_coalesced,nvls,SIMPLE,False,True,2.1681762090108045,112.17743142726138,111.11082043922544,16.060523008
bucket_optimized_coalesced,nvls,SIMPLE,True,False,2.0505591123364866,116.96458541677357,117.48397595107623,16.060523008
bucket_optimized_coalesced,nvls,SIMPLE,True,True,2.0618874596742294,117.20093385910332,116.83849974918736,16.060523008
bucket_optimized_coalesced,nvls,LL,False,False,2.1670245569354543,112.65978986270834,111.16986961176165,16.060523008
bucket_optimized_coalesced,nvls,LL,False,True,2.196700928034261,113.3725712875306,109.66801823841297,16.060523008
bucket_optimized_coalesced,nvls,LL,True,False,2.0560337376470366,117.4241623239058,117.17114998107931,16.060523008
bucket_optimized_coalesced,nvls,LL,True,True,2.080405029002577,117.48204564630475,115.79852676836688,16.060523008
bucket_optimized_coalesced,nvls,LL128,False,False,2.1693062623186656,111.21201949829181,111.0529396538529,16.060523008
bucket_optimized_coalesced,nvls,LL128,False,True,2.1575212926448635,111.87981396267746,111.65954109527037,16.060523008
bucket_optimized_coalesced,nvls,LL128,True,False,2.0517688133598617,117.08560894099885,117.4147086510701,16.060523008
bucket_optimized_coalesced,nvls,LL128,True,True,2.056474742013961,116.89565645216153,117.14602300637667,16.060523008
bucket_optimized_coalesced,nvlstree,SIMPLE,False,False,2.153575830316792,114.46553050434758,111.8641071508322,16.060523008
bucket_optimized_coalesced,nvlstree,SIMPLE,False,True,2.1681949626654387,111.58002082461967,111.1098593937528,16.060523008
bucket_optimized_coalesced,nvlstree,SIMPLE,True,False,2.0717402493270733,117.48227063138576,116.28283879615208,16.060523008
bucket_optimized_coalesced,nvlstree,SIMPLE,True,True,2.0707059083506465,117.42162767256228,116.34092338679194,16.060523008
bucket_optimized_coalesced,nvlstree,LL,False,False,2.1324225583424172,110.70461300824282,112.97378021889966,16.060523008
bucket_optimized_coalesced,nvlstree,LL,False,True,2.1655790676983693,112.61250537013333,111.24407371375396,16.060523008
bucket_optimized_coalesced,nvlstree,LL,True,False,2.0561823182894536,117.09652377273167,117.16268314203393,16.060523008
bucket_optimized_coalesced,nvlstree,LL,True,True,2.045288098665575,116.82046120308678,117.78674974795852,16.060523008
bucket_optimized_coalesced,nvlstree,LL128,False,False,2.162233790693184,111.6249590672546,111.41618379887038,16.060523008
bucket_optimized_coalesced,nvlstree,LL128,False,True,2.181315465286995,112.49102385168331,110.4415391875947,16.060523008
bucket_optimized_coalesced,nvlstree,LL128,True,False,2.0451036299734064,117.31075002754356,117.79737413264122,16.060523008
bucket_optimized_coalesced,nvlstree,LL128,True,True,2.0710209909981736,116.11731205891944,116.32322341836296,16.060523008
bucket_optimized_coalesced,pat,SIMPLE,False,False,2.1773087439748147,112.17069406120187,110.64477562341825,16.060523008
bucket_optimized_coalesced,pat,SIMPLE,False,True,2.165358696055288,112.70808778891329,111.25539518181006,16.060523008
bucket_optimized_coalesced,pat,SIMPLE,True,False,2.0514645006818077,117.09192346469544,117.43212585932336,16.060523008
bucket_optimized_coalesced,pat,SIMPLE,True,True,2.0933903709519655,116.73806971239475,115.08022621239421,16.060523008
bucket_optimized_coalesced,pat,LL,False,False,2.1691141750197858,111.60405138278645,111.0627740182476,16.060523008
bucket_optimized_coalesced,pat,LL,False,True,2.1724465366763375,110.95310147002724,110.89241248190575,16.060523008
bucket_optimized_coalesced,pat,LL,True,False,2.0711668953299522,116.9447849168798,116.31502897385852,16.060523008
bucket_optimized_coalesced,pat,LL,True,True,2.055174709375327,117.39394175589484,117.22012554019032,16.060523008
bucket_optimized_coalesced,pat,LL128,False,False,2.144269854373609,111.56414561566095,112.34958927796649,16.060523008
bucket_optimized_coalesced,pat,LL128,False,True,2.1598685029894114,111.40993385974174,111.5381964719456,16.060523008
bucket_optimized_coalesced,pat,LL128,True,False,2.0552660260194293,116.9974076938252,117.21491738302232,16.060523008
bucket_optimized_coalesced,pat,LL128,True,True,2.0609801239334047,116.68482521776619,116.88993728878111,16.060523008
